Location_x,ts_guid,REF_DATE,DGUID_y,HRUID,Arthritis (15 years and over),Asthma,"Body mass index, adjusted self-reported, adult (18 years and over), obese","Body mass index, adjusted self-reported, adult (18 years and over), overweight","Body mass index, self-reported, youth (12 to 17 years old), overweight or obese",Breast milk feeding initiation,Chronic obstructive pulmonary disease (COPD; 35 years and over),"Current smoker, daily","Current smoker, daily or occasional",Diabetes,"Exclusive breastfeeding, at least 6 months",Has a regular healthcare provider,Heavy drinking,High blood pressure,Influenza immunization in the past 12 months,"Life satisfaction, satisfied or very satisfied",Mood disorder,"Perceived health, fair or poor","Perceived health, very good or excellent","Perceived life stress, most days quite a bit or extremely stressful","Perceived mental health, fair or poor","Perceived mental health, very good or excellent","Physical activity, 150 minutes per week, adult (18 years and over)","Physical activity, average 60 minutes per day, youth (12 to 17 years old)","Sense of belonging to local community, somewhat strong or very strong",HRPOP,amenity_dense,prox_idx_emp_med,prox_idx_pharma_med,prox_idx_childcare_med,prox_idx_health_med,prox_idx_grocery_med,prox_idx_educpri_med,prox_idx_educsec_med,prox_idx_lib_med,prox_idx_parks_med,prox_idx_transit_med,prox_idx_emp_wt,prox_idx_pharma_wt,prox_idx_childcare_wt,prox_idx_health_wt,prox_idx_grocery_wt,prox_idx_educpri_wt,prox_idx_educsec_wt,prox_idx_lib_wt,prox_idx_parks_wt,prox_idx_transit_wt,FEMALE_prop,MALE_prop,TRANSGENDER_prop,UNKNOWN_prop,OTHER_prop,CONTACT_prop,NEITHER_prop,TRAVEL-RELATED_prop,NOT-RESOLVED_prop,RESOLVED_prop,FATAL_prop,TOTAL_prop
Brant County Health Unit,00073527,2017/2018,2015A00073527,3527,23.8,11.1,38.1,29.3,23.5,93.6,6.4,20.1,24.2,9.0,51.3,90.3,22.3,18.1,31.7,90.9,10.7,15.2,49.0,17.1,9.9,67.5,52.9,55.2,69.4,139668.0,0.08439051296194153,0.0163,0.02285,0.0206,0.0046,0.0417,0.1004,0.049,0.0714,0.0445,0.0004,0.01629225090929921,0.013825466821319146,0.01737332961021851,0.012814020391213456,0.01725798464931123,0.07832929446974274,0.019087923504310225,0.01817373557293009,0.03788732565798899,4.5480711401323136e-05,0.00042959017097688807,0.00030071311968382164,0.0,0.0,0.0,0.00030787295586676985,0.00024343443022023653,0.00012887705129306643,0.00014319672365896267,0.0005584672222699545,2.8639344731792528e-05,0.0007303032906607098
Chatham-Kent Health Unit,00073540,2017/2018,2015A00073540,3540,23.9,9.0,35.8,35.4,34.6,84.8,4.9,11.7,14.7,8.6,,92.9,18.4,25.8,32.2,93.1,10.6,11.8,61.9,14.9,8.2,69.2,53.9,62.9,76.8,103551.0,0.0,0.0015,0.0215,0.0133,0.0032,0.03175,0.0744,0.0523,0.096,0.0376,,0.008092294618110858,0.010650841614277023,0.009646618574422266,0.009506415196376666,0.01067033442458306,0.054238432270089135,0.017658385722977076,0.030191567440198536,0.02440895887050828,0.0,0.0002317698525364313,0.0005697675541520604,0.0,0.0,0.0,0.0004828538594508985,0.00012554200345723363,6.759954032312579e-05,0.0004345684735058088,0.0003573118559936649,9.657077189017972e-06,0.0008015374066884916
City of Hamilton Health Unit,00073537,2017/2018,2015A00073537,3537,24.5,7.4,26.8,36.8,23.9,70.9,5.0,12.6,16.9,8.4,33.3,91.4,19.8,17.9,34.5,92.6,11.5,15.1,61.0,24.4,7.4,69.9,50.8,60.8,70.7,534386.0,0.2733812949640288,0.0404,0.0316,0.0383,0.0093,0.0477,0.1225,0.0548,0.0707,0.0555,0.0156,0.03996977128891868,0.03327999610768238,0.03754275355267536,0.024505192501300517,0.03574779653658592,0.10407388479488576,0.03125168043324484,0.0319267200113775,0.061749413345409385,0.01878161609772712,0.0004771831597384662,0.0003181221064923108,0.0,0.0,0.0,0.000400459592878556,0.0002526263786850703,0.00011040708401791963,0.00017403150531638178,0.0005838476307388293,3.7426130175565975e-05,0.000795305266230777
City of Ottawa Health Unit,00073551,2017/2018,2015A00073551,3551,16.0,10.2,21.7,43.4,21.5,90.0,2.9,8.5,12.8,5.2,32.0,88.2,19.9,13.5,40.0,95.3,9.8,7.7,66.0,22.4,9.3,67.7,66.4,61.1,69.3,936763.0,0.20623530867252254,0.0243,0.0264,0.0892,0.0072,0.0447,0.1168,0.0586,0.0714,0.0673,0.0146,0.046101613321619175,0.02914933958749445,0.09671393714311956,0.0186266314959066,0.03691267257566752,0.11563723641945743,0.035038220766618645,0.027586906079766164,0.07495469964121143,0.019415379450298524,0.0008411946244674481,0.0006191534037958374,0.0,4.270023474454051e-06,0.0,0.00035868197185414026,0.0003181167488468268,0.0,0.0005946007688177264,0.0007888868369053857,8.113044601462697e-05,0.0014646180517377395
City of Toronto Health Unit,00073595,2017/2018,2015A00073595,3595,15.3,7.8,20.0,34.7,20.7,91.7,2.2,9.2,13.3,7.2,30.4,86.1,14.0,15.8,35.8,92.7,7.3,10.1,60.0,22.2,7.8,70.0,56.5,62.4,67.1,2694831.0,0.6615026489003051,0.0939,0.0494,0.0657,0.0222,0.0663,0.16445,0.0729,0.0934,0.0732,0.0348,0.14778884041336962,0.08929541841399327,0.08815536087420689,0.054204579916143115,0.091534397889886,0.19878848899986654,0.07267577176453735,0.08240141853051319,0.1013933883794565,0.04649245195709871,0.0010293780945818123,0.0007985658469863232,0.0,4.1932128582460276e-05,7.421615678311553e-07,0.0002716311338262028,0.0006445673216613582,7.79269646222713e-05,0.0005350984904062629,0.0012082390324291206,0.00012728070888304313,0.0018706182317184265
Durham Regional Health Unit,00073530,2017/2018,2015A00073530,3530,19.0,9.4,30.7,34.8,19.4,92.3,4.1,10.9,15.2,8.7,,92.6,18.3,16.6,31.2,94.8,9.4,8.2,68.0,21.5,7.9,72.6,55.0,56.4,70.9,655838.0,0.12528430629264595,0.0257,0.0193,0.0316,0.0075,0.0359,0.0882,0.05,0.0693,0.04005,0.005,0.027631817461019344,0.016960202519524615,0.034446598245298304,0.01144195167099192,0.019222913737843784,0.0835279851121769,0.016126729466728076,0.01896166568573337,0.04048959056962239,0.005668401952921279,0.0009529792418249627,0.0005153711739789398,0.0,0.0,0.0,0.00031867625846626764,0.00102769281438404,6.708973862447738e-05,0.0004376080678460229,0.0008645427681836063,0.0001661995797742735,0.0014683504158039028
Elgin-St. Thomas Health Unit,00073531,2017/2018,2015A00073531,3531,22.9,6.3,35.9,33.2,32.9,100.0,5.2,15.3,19.3,10.3,43.1,94.2,18.4,23.0,34.9,91.9,12.9,14.2,58.9,17.8,10.8,67.3,58.0,63.7,72.7,91348.0,0.0,0.0023,0.02685,0.0122,0.0039,0.0337,0.0569,0.05175,0.0824,0.026000000000000002,,0.0076031702938214344,0.009054798134606122,0.009582090467224243,0.0074560636248193705,0.006616298112711829,0.02710580527214608,0.016676089241143763,0.015765474887244387,0.012064119630424313,0.0,0.0003503087095502912,0.000273678679336165,0.0,0.0,0.0,0.000383150151070631,0.00010947147173446601,0.0001313657660813592,0.00010947147173446601,0.0004707273284582038,4.37885886937864e-05,0.0006239873888864562
Grey Bruce Health Unit,00073533,2017/2018,2015A00073533,3533,26.9,6.2,35.7,36.2,21.9,97.4,7.5,17.4,20.6,6.1,44.1,90.6,21.0,21.0,34.4,92.9,9.0,15.4,59.8,21.5,6.6,69.1,55.6,46.6,75.2,165266.0,0.0,0.0009,0.01625,0.02275,0.0036,0.0373,0.0582,0.0463,0.091,0.0315,,0.003377674173756239,0.00861847506444156,0.014731297423547484,0.0045207616811685355,0.011299318674137445,0.02734080452119616,0.010255290259339491,0.032768881681652644,0.016883306911282408,0.0,0.00030254256773928087,0.0001633729865792117,0.0,0.0,0.0,0.00010891532438614113,0.00022993235148185352,6.0508513547856174e-05,0.00015127128386964046,0.00031464427044885216,0.0,0.0004659155543184926
Haldimand-Norfolk Health Unit,00073534,2017/2018,2015A00073534,3534,23.3,5.4,28.6,35.5,40.5,94.1,7.5,15.7,21.4,10.2,,95.3,18.4,17.4,33.5,93.3,10.5,13.4,61.7,21.4,6.2,66.7,49.4,61.4,75.7,109378.0,0.0,0.0016,0.02775,0.0171,0.0028,0.04685,0.0702,0.0573,0.0814,0.0448,,0.004020815886192841,0.00732150341019218,0.009457805043061663,0.0066767210956499385,0.009010457313170838,0.031156349540126888,0.01597295434182376,0.02989577611585512,0.020488381575819656,0.0,0.0011428257967781455,0.0004662729250854834,0.0,9.142606374225163e-06,0.0,0.0003565616485947814,0.000941688456545192,5.485563824535098e-05,0.0001279964892391523,0.0012433944668946222,0.00024685037210407944,0.0016182413282378539
"Haliburton, Kawartha, Pine Ridge District Health Unit",00073535,2017/2018,2015A00073535,3535,27.6,10.4,32.0,38.8,22.6,,7.8,13.9,19.0,10.1,,92.5,21.9,23.6,37.8,94.3,12.9,12.7,56.9,17.1,9.4,69.7,58.9,66.6,73.2,186198.0,0.0041655818797188245,0.0005,0.0268,0.0185,0.0027,0.035,0.0692,0.049,0.0887,0.029650000000000006,0.0,0.004317942190571317,0.008812778869805263,0.005525692005284698,0.00561438200195491,0.008469849300207314,0.028962963619372936,0.007562459317500727,0.02120793456428104,0.012953502185845166,5.102095618642521e-07,0.0005639158315341732,0.00028464322925058266,0.0,0.0,0.0,0.00018797194384472443,0.00046187391916132286,0.00014500692810878746,9.667128540585827e-05,0.0006498458630060473,0.0001020419123728504,0.0008485590607847562
Halton Regional Health Unit,00073536,2017/2018,2015A00073536,3536,15.4,6.9,24.2,39.2,35.2,90.8,2.7,6.5,11.7,4.5,43.4,93.7,19.3,17.8,33.7,94.2,7.2,9.1,69.8,23.4,7.0,76.1,60.9,57.6,75.9,561949.0,0.10638814670876852,0.0307,0.0306,0.03665,0.0099,0.0341,0.08800000000000001,0.0495,0.0641,0.0678,0.0054,0.0290928763998157,0.0298246645158191,0.047499501556191,0.0117820780889369,0.019113576498934956,0.08780925386467457,0.026447890466928484,0.020369734620045574,0.06848145009600518,0.005713159201279839,0.00048047064769222834,0.0003345499324671812,0.0,0.0,0.0,0.00023489676109397827,0.00037725843448426817,0.00014058215247291124,0.00011566885962961053,0.0006602022603474692,3.9149460182329716e-05,0.0008150205801594095
Hastings and Prince Edward Counties Health Unit,00073538,2017/2018,2015A00073538,3538,25.7,9.0,35.1,32.5,52.3,91.1,7.9,21.5,25.2,9.6,,88.4,27.6,21.1,36.7,92.3,11.3,14.7,58.9,21.7,6.1,67.7,52.0,44.9,72.3,161160.0,0.0,0.0014,0.0205,0.0248,0.0017,0.04455,0.08074999999999999,0.0526,0.0805,0.0315,,0.006422341151650542,0.008886045544800205,0.01462586870191114,0.005657692355423186,0.00998804355919583,0.041230809754281485,0.014263235914619015,0.01630670886075949,0.017115658972449748,0.0,0.00017374038222884092,8.687019111442045e-05,0.0,0.0,0.0,6.825515016133034e-05,5.584512285927029e-05,8.687019111442045e-05,5.584512285927029e-05,0.00017994539587987094,2.4820054604120128e-05,0.00026061057334326136
Huron County Health Unit,00073539,2017/2018,2015A00073539,3539,24.1,10.3,35.1,34.0,30.0,86.9,3.4,16.0,18.7,10.2,,94.0,22.8,21.7,37.6,95.0,9.3,11.5,64.4,18.6,5.6,69.9,58.5,33.4,78.9,61222.0,0.0,0.0009,0.02525,0.03095,0.0061,0.038,0.076,0.05825,0.0934,0.0349,,0.0025309137238247624,0.008094564045604536,0.009258199666786444,0.005866435268367581,0.00994506059913103,0.03038575838750775,0.015674706804743394,0.04558172552350464,0.018869406422527858,0.0,0.000506353925059619,0.00022867596615595698,0.0,0.0,0.0,0.0003593479468165039,0.00019600797099082032,0.00013067198066054686,9.800398549541016e-05,0.0005553559178073242,8.166998791284179e-05,0.0007350298912155762
"Kingston, Frontenac and Lennox and Addington Health Unit",00073541,2017/2018,2015A00073541,3541,26.3,11.1,30.0,37.9,24.4,78.8,7.9,12.2,18.1,7.8,43.9,91.1,25.2,18.3,44.2,93.0,12.1,14.1,60.7,19.6,8.3,70.1,58.4,55.5,74.6,193986.0,0.12266355140186914,0.0043,0.02475,0.0336,0.0051,0.038,0.0943,0.0497,0.0857,0.05415,0.0087,0.012259626467889442,0.014301633107543853,0.022289922984132838,0.009008504221954195,0.015263311269885447,0.06269174167207943,0.019600259297062654,0.024504310104852944,0.04486014557751585,0.006322960935325233,0.00017527038033672532,0.00013403029084573114,0.0,0.0,0.0,0.00014434031321847968,6.701514542286557e-05,9.79452125411112e-05,2.577505593187137e-05,0.0002835256152505851,0.0,0.0003093006711824565
Lambton Health Unit,00073542,2017/2018,2015A00073542,3542,27.0,10.3,30.0,39.2,,87.8,6.0,16.1,20.4,9.3,45.6,93.8,22.9,20.1,33.7,90.5,12.1,14.1,58.4,20.1,7.9,61.7,50.0,54.9,72.8,125652.0,0.0,0.0018,0.019,0.0121,0.0042,0.0315,0.0762,0.0554,0.0941,0.0315,,0.01032594626428543,0.013768981790978256,0.011740736319358227,0.017425382007449117,0.009958114474898931,0.050711679877757584,0.012819726705504086,0.02762800751281315,0.019752842772100716,0.0,0.0007560564097666571,0.0006605545474803426,0.0,1.5916977047719096e-05,0.0,0.0007083054786234997,0.0005173017540508706,6.366790819087638e-05,0.0003262980294782415,0.0009948110654824436,0.0001114188393340337,0.0014325279342947187
"Leeds, Grenville and Lanark District Health Unit",00073543,2017/2018,2015A00073543,3543,28.1,11.6,34.0,39.6,29.9,95.5,6.7,16.7,21.1,7.7,57.0,94.5,19.9,21.4,39.8,92.1,15.5,14.4,57.0,20.0,8.8,67.1,55.6,69.3,67.8,171222.0,0.027636594663278276,0.0017,0.0259,0.0197,0.0038,0.05055,0.114,0.0797,0.0865,0.0448,0.0034,0.0032422381469670897,0.009131377977129113,0.01029766443564494,0.0049437391223090535,0.008670628190302633,0.04745325892700712,0.02455449708565493,0.029504097020242717,0.024923759797222285,0.0004092821015990935,0.0012206375348962164,0.0006132389529382908,0.0,5.8403709803646725e-06,0.0,0.0010687878894067352,0.00037378374274333904,0.00013432853254838746,0.00027449743607713963,0.0013316045835231453,0.00023361483921458686,0.0018397168588148718
Middlesex-London Health Unit,00073544,2017/2018,2015A00073544,3544,20.0,6.7,29.6,35.4,32.4,80.2,4.5,11.5,14.8,5.4,32.3,88.8,19.5,17.1,39.6,91.8,12.5,12.8,59.6,23.6,11.1,59.5,52.5,56.8,65.5,454355.0,0.10357403355215172,0.024,0.0201,0.0241,0.0058,0.0343,0.0765,0.0515,0.0749,0.034,0.0069,0.03136336344928516,0.016041485402383596,0.025895045944250683,0.011476814385227435,0.01741872566605411,0.061369192371603674,0.017860600191480218,0.02405689912073161,0.031583735845319184,0.0077249683617435705,0.000550230546599025,0.00035654939419616817,2.2009221863961003e-06,0.0,0.0,1.54064553047727e-05,1.54064553047727e-05,4.8420288100714205e-05,0.00020468576333483728,0.0006272628231228885,7.70322765238635e-05,0.0009089808629815893
Niagara Regional Area Health Unit,00073546,2017/2018,2015A00073546,3546,23.4,6.9,29.0,39.1,24.4,90.9,5.5,12.2,18.1,7.4,28.2,91.1,22.5,21.6,32.3,91.0,12.2,12.9,57.0,21.3,9.4,66.2,53.6,69.6,68.5,444486.0,0.09482758620689656,0.0109,0.0175,0.0216,0.0041,0.035,0.0766,0.0481,0.0693,0.0371,0.0044,0.015403410006164422,0.012914514067934648,0.022253972003617686,0.008059210413826321,0.01519180379134551,0.06692367656124155,0.017031409988166102,0.02095267252511893,0.03317406015037593,0.0052357345338210895,0.000663687945177126,0.0004274600324869625,0.0,0.0,0.0,0.00028122370558352795,0.0006074432040604202,0.0001732338026394532,0.00020923043695414482,0.0007829267963445418,9.899074436540185e-05,0.0010911479776640884
North Bay Parry Sound District Health Unit,00073547,2017/2018,2015A00073547,3547,27.3,7.7,30.7,40.1,,79.2,9.1,15.6,20.8,7.6,,93.3,22.0,21.9,34.0,92.2,11.5,12.5,58.1,22.7,8.1,71.7,56.4,48.2,68.5,126943.0,0.0,0.0006,0.020450000000000003,0.0414,0.0057,0.0326,0.1074,0.0895,0.0787,0.0244,,0.005752784320521851,0.0076985056285104325,0.01787900396240831,0.004535338695319958,0.009675140811230228,0.05762792670726236,0.02542991342571076,0.019217205359885928,0.010635366266749656,0.0,5.5142859393586095e-05,5.5142859393586095e-05,0.0,0.0,0.0,3.151020536776349e-05,2.363265402582261e-05,5.5142859393586095e-05,7.877551341940872e-06,0.00010240816744523132,0.0,0.00011028571878717219
Northwestern Health Unit,00073549,2017/2018,2015A00073549,3549,29.4,9.8,33.6,38.1,,91.9,4.8,15.5,19.0,9.4,55.6,83.4,24.6,21.8,34.4,94.4,10.6,12.3,55.1,20.2,7.3,67.3,52.8,72.2,79.9,74026.0,0.0,0.0014,0.0169,0.015,0.0029,0.0525,0.0617,0.0607,0.0876,0.02135,,0.002379319428308975,0.004883703023262096,0.005743507686488537,0.004054255261664819,0.011932090076459623,0.029169177045902783,0.011543641423283714,0.02598558614540836,0.00502857374436009,0.0,5.4035068759625e-05,0.00014859643908896874,0.0,0.0,0.0,4.0526301569718746e-05,4.0526301569718746e-05,0.00012157890470915624,0.0,0.00020263150784859374,0.0,0.00020263150784859374
Oxford County Health Unit,00073552,2017/2018,2015A00073552,3552,21.7,9.4,35.4,35.9,34.2,98.5,5.5,13.2,16.1,6.8,50.6,94.3,20.8,17.3,28.8,90.2,9.8,12.7,60.8,28.0,6.3,65.1,51.3,64.7,69.9,108953.0,0.0,0.0051,0.024,0.0267,0.0055,0.0337,0.0707,0.0709,0.1031,0.03035,,0.007220075628940925,0.013797821078813813,0.021382095031802703,0.007222495938615739,0.011606647820619905,0.05345703468468048,0.02321900268923297,0.033935498793057586,0.02341578295228219,0.0,0.00029370462493001566,0.0002294567382265748,0.0,0.0,0.0,0.0003212394335172047,9.17826952906299e-05,0.00011013923434875588,9.17826952906299e-05,0.00039466558974970864,3.671307811625197e-05,0.0005231613631565905
Peel Regional Health Unit,00073553,2017/2018,2015A00073553,3553,16.3,6.0,21.7,41.7,29.6,98.6,3.2,8.1,12.5,9.7,39.8,91.4,10.7,18.5,30.6,93.2,7.5,10.6,57.7,21.8,6.0,70.2,47.0,48.2,72.5,1388271.0,0.18490169593276298,0.0496,0.0309,0.0353,0.0076,0.0365,0.10875,0.0515,0.0659,0.0613,0.0032,0.055642329055350055,0.04462195133370942,0.04043037576957241,0.011654598201647942,0.035537258431531014,0.11699104483202477,0.029099928184050487,0.02555609927744657,0.06754160081136916,0.008092969672347815,0.0009212898634344448,0.0007534551971481072,0.0,1.5847050035619846e-05,0.0,5.9786597861656686e-05,0.0004019388145398125,4.970211147535316e-05,0.0006093911059151996,0.0009990844727002148,8.211653200275738e-05,0.0016905921106181716
Perth District Health Unit,00073554,2017/2018,2015A00073554,3554,23.9,11.0,38.7,31.3,,81.9,5.5,14.1,18.5,9.0,,94.8,21.0,18.9,35.9,93.8,9.9,10.7,58.2,20.4,6.9,71.1,57.4,58.2,79.5,77366.0,0.0,0.0052,0.0228,0.0244,0.0112,0.0341,0.0885,0.05145,0.0814,0.0505,,0.008145395910348217,0.01180905048729417,0.01727064343510067,0.010098929762427931,0.013437489336401013,0.06299308740273503,0.016695410128480213,0.035102741514360325,0.035018223767546514,0.0,0.0004006928107954399,0.00018095804358503732,0.0,0.0,0.0,0.00028436263991934443,0.0001551068945014606,0.00010340459633430705,7.75534472507303e-05,0.000439469534420805,6.462787270894191e-05,0.0005816508543804772
Peterborough County - City Health Unit,00073555,2017/2018,2015A00073555,3555,23.5,9.8,32.2,34.8,,77.8,4.5,13.8,19.6,6.6,,91.3,23.1,21.3,38.5,93.0,14.2,12.3,63.4,18.1,7.8,68.6,62.2,76.8,76.7,130640.0,0.04736063147508633,0.0036,0.02735,0.0336,0.0039,0.0354,0.0678,0.0554,0.0824,0.0405,0.0001,0.012014320269442724,0.02003923224127374,0.02380843080220452,0.0106440776178812,0.0142911719228414,0.05303290646050216,0.017935200551132888,0.022229190140845075,0.02811354332516839,7.445652173913046e-06,0.00039038579301898347,0.00026791181873851813,0.0,0.0,0.0,0.00015309246785058175,0.00021432945499081442,0.00021432945499081442,0.00018371096142069806,0.00045162278015921614,2.2963870177587264e-05,0.0006582976117575015
Porcupine Health Unit,00073556,2017/2018,2015A00073556,3556,26.4,14.1,39.5,31.8,45.2,,6.8,18.3,23.8,14.4,,86.6,25.3,24.2,31.7,88.8,13.5,20.5,54.7,20.1,10.7,65.3,48.1,68.2,71.4,82838.0,0.0,0.0027,0.0216,0.0174,0.00885,0.035100000000000006,0.099,0.0709,0.0787,0.02615,,0.007138393008039795,0.009527581544701706,0.01146450179869142,0.00946633791255222,0.014205670103092788,0.0780987916173737,0.03313983558270358,0.0330788551148024,0.015959511335377482,0.0,0.0003742243897728096,0.0003380091262464086,0.0,0.0,0.0,0.0003380091262464086,0.00022936333566720587,7.243052705280186e-05,0.00012071754508800307,0.0005432289528960138,4.828701803520124e-05,0.0007122335160192183
Renfrew County and District Health Unit,00073557,2017/2018,2015A00073557,3557,28.0,8.0,34.1,38.3,27.4,96.2,7.2,15.2,19.4,5.7,,87.1,21.3,19.4,37.4,94.2,9.6,11.9,60.2,17.0,8.6,73.3,56.4,70.8,81.2,100667.0,0.0,0.0015,0.023,0.01925,0.0016,0.0339,0.0828,0.0542,0.06895,0.027000000000000003,,0.003543222704560592,0.0077493736775706,0.009967261366684212,0.004806695342068403,0.0111902609594008,0.038652405455611126,0.020898768215999283,0.019600816553587558,0.01407040241588603,0.0,0.00011920490329502219,3.9734967765007396e-05,0.0,0.0,0.0,2.9801225823755547e-05,2.9801225823755547e-05,3.9734967765007396e-05,1.9867483882503698e-05,0.00012913864523627405,9.933741941251849e-06,0.00015893987106002958
Simcoe Muskoka District Health Unit,00073560,2017/2018,2015A00073560,3560,20.2,8.7,32.9,32.8,26.7,96.9,5.5,14.3,19.5,6.1,49.6,92.8,23.4,17.2,36.1,93.3,10.5,12.0,64.2,22.0,8.8,66.4,59.8,56.9,75.2,537217.0,0.02824384787472036,0.0041,0.0208,0.02415,0.0026,0.0381,0.0716,0.0495,0.0834,0.02975,0.0043,0.010703972696321954,0.010984203217694164,0.01982025047606461,0.006698202216236635,0.011148431639356152,0.04738092484042773,0.013449125027689008,0.01900443079798293,0.02150470852560512,0.001991435304541741,0.0002866625590776167,0.0002345420937907773,0.0,0.0,0.0,0.00014146983434999266,0.00027363244275590686,9.121081425196894e-05,0.0001284397180282828,0.00036484325700787576,2.7921677832235388e-05,0.0005212046528683938
Sudbury and District Health Unit,00073561,2017/2018,2015A00073561,3561,24.1,8.5,31.9,38.0,26.3,79.0,7.3,18.6,23.5,9.4,,87.4,23.9,22.9,31.9,92.7,12.6,15.6,56.2,23.1,8.5,64.6,49.9,58.0,72.4,193636.0,0.060881735479356186,0.0017,0.0157,0.0175,0.0011,0.0354,0.0786,0.0813,0.0753,0.0341,0.0043,0.010479676299861629,0.0082822032060154,0.01078853880476771,0.006034334524571904,0.007916632237807027,0.04845413714391955,0.02478691927120992,0.02205541634819972,0.027999499576525044,0.003680071371026054,0.00017042285525418826,0.00012394389473031875,0.0,0.0,0.0,8.779359210064246e-05,8.262926315354583e-05,0.00010328657894193228,5.164328947096615e-05,0.0002375591315664443,5.164328947096614e-06,0.00029436674998450696
The District of Algoma Health Unit,00073526,2017/2018,2015A00073526,3526,29.0,11.2,38.7,33.2,29.2,87.1,7.9,15.6,20.9,11.0,,88.7,23.5,24.6,31.2,92.3,11.9,15.4,55.2,19.9,8.0,66.6,55.7,59.9,79.0,112847.0,0.01276595744680851,0.0025,0.0208,0.0144,0.0033,0.0346,0.0794,0.0966,0.0834,0.0278,0.0099,0.00902974469857418,0.010033335401029712,0.011920024457894305,0.004485901264544028,0.014529726975462362,0.05354326831905151,0.027934621212792537,0.01675027249284427,0.0171292989623118,0.00537761305129955,7.089244729589622e-05,4.430777955993513e-05,0.0,0.0,0.0,2.658466773596108e-05,2.658466773596108e-05,6.203089138390919e-05,8.861555911987027e-06,0.00010633867094384432,0.0,0.00011520022685583134
The Eastern Ontario Health Unit,00073558,2017/2018,2015A00073558,3558,26.1,11.7,35.7,36.6,42.2,86.2,8.2,15.8,18.5,10.5,,91.7,20.4,19.1,31.7,92.8,8.3,13.1,57.9,18.0,7.4,69.9,53.6,61.2,68.1,196707.0,0.012136697540721816,0.0018,0.0165,0.02125,0.0031,0.0341,0.0796,0.0779,0.0834,0.0315,0.0064,0.0057120926047369795,0.008309469413899867,0.016979304244383788,0.007104802574387275,0.00963148642397068,0.04860019877279397,0.026458932829029974,0.027327281184706228,0.020246341513011763,0.001526766713945107,0.00022876664277326177,0.0002440177522914792,0.0,0.0,0.0,0.00017284590787313114,0.0001321762824912179,0.0001525110951821745,0.00012709257931847875,0.0003456918157462623,0.0,0.00047278439506474103
Thunder Bay District Health Unit,00073562,2017/2018,2015A00073562,3562,25.1,8.3,39.1,34.7,32.5,97.3,4.3,14.8,18.3,7.9,,86.6,23.6,23.3,35.6,91.7,11.4,13.0,58.8,20.4,6.6,66.0,57.2,64.6,75.2,149563.0,0.08517241379310345,0.0097,0.016,0.0153,0.0058,0.0363,0.1083,0.0526,0.0778,0.0302,0.0088,0.011439060462815006,0.009836642752552437,0.012425264938520898,0.007833480874280402,0.016813185079197396,0.07552279574493691,0.0233490575877724,0.02358529515989917,0.02078167862372376,0.005897960725580524,0.00020727051476635263,0.0002741319711425954,0.0,1.3372291275248558e-05,0.0,0.00018721207785347984,0.0002273289516792255,6.0175310738618504e-05,0.00011366447583961275,0.00037442415570695963,6.686145637624279e-06,0.0004947747771841966
Timiskaming Health Unit,00073563,2017/2018,2015A00073563,3563,27.4,11.0,36.7,37.0,,,8.4,13.9,19.8,9.9,,85.5,22.7,25.6,34.7,90.2,14.9,19.1,55.8,23.7,11.8,60.2,42.8,71.6,74.6,30573.0,0.0,0.001,0.0157,0.0118,0.003,0.0291,0.07189999999999999,0.0586,0.0934,0.025,,0.0023730808229483497,0.004800935465933994,0.006064115395937592,0.0061048572269649685,0.003625515978150656,0.0511739737677036,0.022547940993687256,0.03247057207339811,0.0147528309292513,0.0,0.0003925031890884113,0.00019625159454420569,0.0,0.0,0.0,0.0002289601936349066,0.0002943773918163085,6.541719818140189e-05,0.0002289601936349066,0.00035979458999771033,0.0,0.0005887547836326171
Waterloo Health Unit,00073565,2017/2018,2015A00073565,3565,17.0,6.9,27.2,33.8,33.3,97.3,3.3,12.5,16.5,8.6,58.4,90.1,19.2,18.0,29.9,93.7,9.8,12.1,59.4,19.9,7.7,64.6,58.7,60.3,68.9,534525.0,0.14413793103448275,0.0282,0.0221,0.04355,0.0045,0.0374,0.0959,0.0481,0.0778,0.0607,0.0076,0.03167684055937508,0.019607258594078827,0.05034827613301535,0.012526180440578079,0.020481581965296244,0.09094382751040632,0.016965911603760358,0.020970474907628288,0.07294854104111125,0.008013764183153263,0.0008269023899724054,0.0004677049717038492,1.870819886815397e-06,1.870819886815397e-06,0.0,0.0002619147841541556,0.0005013797296665262,7.857443524624667e-05,0.0004078387353257565,0.0008063233712174361,8.418689490669284e-05,0.0012983490014498856
Wellington-Dufferin-Guelph Health Unit,00073566,2017/2018,2015A00073566,3566,17.7,8.1,28.8,38.2,23.1,99.4,4.7,9.6,14.9,5.6,59.2,91.4,20.3,16.0,31.0,92.9,12.4,10.7,66.4,24.5,10.7,66.8,56.7,49.7,74.4,267523.0,0.10728092783505154,0.008,0.0208,0.0328,0.0045,0.0414,0.0861,0.0537,0.0796,0.046,0.0044,0.016171023426023213,0.014333349655917444,0.03166925273714782,0.011691118520650566,0.015417028816213943,0.07014013337171016,0.017864152988714983,0.035186759269296514,0.042305646243500514,0.003437857305726988,0.0006242453919849882,0.00041117959951107014,0.0,0.0,0.0,0.00047098754125813474,0.0003924896177151123,7.475992718383093e-05,0.0003663236432007715,0.0005943414211114558,7.475992718383093e-05,0.0010354249914960585
Windsor-Essex County Health Unit,00073568,2017/2018,2015A00073568,3568,22.1,7.1,32.3,35.3,23.9,87.9,4.7,14.2,17.3,8.1,30.1,87.6,18.8,21.0,33.6,93.2,9.3,14.5,58.4,20.3,7.5,73.3,51.1,49.0,73.0,397008.0,0.07836772548110364,0.016,0.02425,0.0129,0.0052,0.0443,0.0785,0.052000000000000005,0.0753,0.0313,0.0067,0.017971630546487698,0.01995656586265264,0.010336390198686195,0.009846710897513437,0.023670512181114742,0.06161554905694591,0.02103572043888284,0.028795761546366826,0.02632152551082096,0.006312909311651153,0.0008815943255551526,0.0006020029823076612,0.0,0.0,0.0,0.0004735420948696248,0.00045087252649820663,0.000287147866037964,0.00029722322975859436,0.001062950872526498,0.00012342320557772135,0.0014835973078628141
York Regional Health Unit,00073570,2017/2018,2015A00073570,3570,17.1,5.1,16.4,37.9,24.1,98.3,2.0,6.2,10.5,7.7,44.0,93.3,12.1,17.6,31.6,94.4,5.0,8.0,59.3,20.8,6.7,71.2,48.7,53.6,70.3,1131052.0,0.07674576271186441,0.0337,0.0347,0.027999999999999997,0.0082,0.0322,0.0945,0.04975,0.0666,0.0608,0.0056,0.04552563772487919,0.03646963570198378,0.03141607017184002,0.012139458398022357,0.024277255776038648,0.09032955363679114,0.022554110421094658,0.014949358208110662,0.08590791829199658,0.0077461435902151125,0.0007621223427393259,0.0005817592825086732,0.0,2.65239794456842e-06,0.0,0.0002908796412543366,0.0006356913740482313,0.00012819923398747359,0.0003059098962735577,0.0009513267294518732,8.92973974671368e-05,0.0013465340231925676
